mdl,dset,mse_pred_train,mse_pred_test,mse_sim_train,mse_sim_test,seed,proportion,param_norm
Linear(),"ChenDSet(400,100,0.1,0,1.0,1,0.7,1)",0.3130308033526641,0.3125537749212332,0.47364025758614275,0.4751194033044947,0,0.0,
Linear(),"ChenDSet(400,100,0.1,0,1.0,1,0.7,1)",0.3130308033526641,0.3125537749212332,0.47364025758614275,0.4751194033044947,1,0.0,
Linear(),"ChenDSet(400,100,0.1,0,1.0,1,0.7,1)",0.3130308033526641,0.3125537749212332,0.47364025758614275,0.4751194033044947,2,0.0,
Linear(),"ChenDSet(400,100,0.1,0,1.0,1,0.7,1)",0.3130308033526641,0.3125537749212332,0.47364025758614275,0.4751194033044947,3,0.0,
Linear(),"ChenDSet(400,100,0.1,0,1.0,1,0.7,1)",0.3130308033526641,0.3125537749212332,0.47364025758614275,0.4751194033044947,4,0.0,
"RBFSampler(39,0.6,0,min-norm,100,0.01)","ChenDSet(400,100,0.1,0,1.0,1,0.7,1)",0.7719380906458934,1.093730281987692,3.3105940476066205,3.4003369427333023,0,0.1,15.6739745513968
"RBFSampler(44,0.6,0,min-norm,100,0.01)","ChenDSet(400,100,0.1,0,1.0,1,0.7,1)",0.2522369219286065,0.3470316176039029,0.85706279328637,1.1897583867548691,0,0.11288378916846889,22.360595778682033
"RBFSampler(50,0.6,0,min-norm,100,0.01)","ChenDSet(400,100,0.1,0,1.0,1,0.7,1)",1.3490987945523416,2.0350065655988985,2.7641629138762522,3.8717476890770492,0,0.12742749857031338,15.43727153418749
"RBFSampler(57,0.6,0,min-norm,100,0.01)","ChenDSet(400,100,0.1,0,1.0,1,0.7,1)",0.39662144590954485,0.6889398974913515,1.5329901961572385,0.7219011489317314,0,0.14384498882876628,22.108429106697944
"RBFSampler(64,0.6,0,min-norm,100,0.01)","ChenDSet(400,100,0.1,0,1.0,1,0.7,1)",0.4903294153048262,0.9128049505657122,2.047502955377453,1.0037164401550163,0,0.16237767391887217,23.637352187539395
"RBFSampler(72,0.6,0,min-norm,100,0.01)","ChenDSet(400,100,0.1,0,1.0,1,0.7,1)",0.7438893492509556,0.9078644699454319,2.490558842187199,1.5128998236462485,0,0.18329807108324356,34.82225310797807
"RBFSampler(82,0.6,0,min-norm,100,0.01)","ChenDSet(400,100,0.1,0,1.0,1,0.7,1)",0.6409913390665386,1.4629236052345322,3.9628120697049334,3.98777626971436,0,0.20691380811147897,33.31356976325775
"RBFSampler(92,0.6,0,min-norm,100,0.01)","ChenDSet(400,100,0.1,0,1.0,1,0.7,1)",0.33006068051325105,1.1309025261489758,3.0499444027567604,1.8895543759142146,0,0.23357214690901226,31.87147593374327
"RBFSampler(104,0.6,0,min-norm,100,0.01)","ChenDSet(400,100,0.1,0,1.0,1,0.7,1)",0.20478231951491435,0.42084052364397706,1.63634955928826,3.8396591718068334,0,0.26366508987303583,31.619138381633157
"RBFSampler(118,0.6,0,min-norm,100,0.01)","ChenDSet(400,100,0.1,0,1.0,1,0.7,1)",0.11688777365786078,0.3384273188228206,1.8514013926553563,1.328658018592232,0,0.29763514416313175,36.72412386948397
"RBFSampler(133,0.6,0,min-norm,100,0.01)","ChenDSet(400,100,0.1,0,1.0,1,0.7,1)",0.038731342279355443,0.11411937842177754,0.3897918340662987,0.24817485855503096,0,0.33598182862837817,34.20593614548219
"RBFSampler(150,0.6,0,min-norm,100,0.01)","ChenDSet(400,100,0.1,0,1.0,1,0.7,1)",0.04031209485170955,0.16566567774045457,0.7259600166745824,0.5710951566051644,0,0.37926901907322497,33.1445031425193
"RBFSampler(170,0.6,0,min-norm,100,0.01)","ChenDSet(400,100,0.1,0,1.0,1,0.7,1)",0.021860894802881715,0.05515026614752691,0.3406648771433621,0.17442720664810793,0,0.42813323987193935,30.400862341592028
"RBFSampler(192,0.6,0,min-norm,100,0.01)","ChenDSet(400,100,0.1,0,1.0,1,0.7,1)",0.023184323705419722,0.11568663447815078,0.3363122019896044,0.4099369342496231,0,0.4832930238571752,32.263500422726416
"RBFSampler(217,0.6,0,min-norm,100,0.01)","ChenDSet(400,100,0.1,0,1.0,1,0.7,1)",0.014007150116698478,0.09889511315272757,0.36410395682176594,0.24390043964294728,0,0.5455594781168519,28.088709897937715
"RBFSampler(245,0.6,0,min-norm,100,0.01)","ChenDSet(400,100,0.1,0,1.0,1,0.7,1)",0.010105055163736037,0.07942503839407504,0.2307965338226512,1.0476015890315682,0,0.6158482110660264,27.149962723440115
"RBFSampler(276,0.6,0,min-norm,100,0.01)","ChenDSet(400,100,0.1,0,1.0,1,0.7,1)",0.012831972998486813,0.12972688168311325,0.13376720691952118,0.31821636526490027,0,0.6951927961775606,28.85610262746278
"RBFSampler(312,0.6,0,min-norm,100,0.01)","ChenDSet(400,100,0.1,0,1.0,1,0.7,1)",0.006956483748596496,0.07677961481507115,0.10464273497689065,0.22758943626303912,0,0.7847599703514611,23.837378179357327
"RBFSampler(352,0.6,0,min-norm,100,0.01)","ChenDSet(400,100,0.1,0,1.0,1,0.7,1)",0.00683590934543916,0.13191592218983225,0.10518181529457807,0.3400157733425682,0,0.8858667904100825,24.86831202730976
"RBFSampler(398,0.6,0,min-norm,100,0.01)","ChenDSet(400,100,0.1,0,1.0,1,0.7,1)",0.005929586953946723,0.15344490847645867,0.08776478678462504,0.2697767701038211,0,1.0,23.93893773002799
"RBFSampler(398,0.6,0,min-norm,100,0.01)","ChenDSet(400,100,0.1,0,1.0,1,0.7,1)",0.005929586953946723,0.15344490847645867,0.08776478678462504,0.2697767701038211,0,1.0000230261160268,23.93893773002799
"RBFSampler(572,0.6,0,min-norm,100,0.01)","ChenDSet(400,100,0.1,0,1.0,1,0.7,1)",0.004789510574010779,0.08973298461075492,0.03944568391606732,0.1857830065639352,0,1.4384812669240425,20.54169810977288
"RBFSampler(823,0.6,0,min-norm,100,0.01)","ChenDSet(400,100,0.1,0,1.0,1,0.7,1)",0.004078470879330009,0.2729653899140862,0.04201546386909848,0.28056790577801244,0,2.0691807100962873,22.389420824372333
"RBFSampler(1184,0.6,0,min-norm,100,0.01)","ChenDSet(400,100,0.1,0,1.0,1,0.7,1)",0.003204023267004129,0.1484691252067242,0.05149655006443676,0.29760831928206116,0,2.976409154211569,20.681403129631644
"RBFSampler(1704,0.6,0,min-norm,100,0.01)","ChenDSet(400,100,0.1,0,1.0,1,0.7,1)",0.0027406781094997017,0.23135505298747452,0.06148270811549856,0.37588890898356075,0,4.281410226785935,20.92227579260729
"RBFSampler(2451,0.6,0,min-norm,100,0.01)","ChenDSet(400,100,0.1,0,1.0,1,0.7,1)",0.002516358663463953,0.17607187836180982,0.023256242201801874,0.2961568734129072,0,6.158586598918997,20.153960996977965
"RBFSampler(3525,0.6,0,min-norm,100,0.01)","ChenDSet(400,100,0.1,0,1.0,1,0.7,1)",0.002279645067970236,0.2065413834100435,0.02961523848100226,0.4392485151408506,0,8.858807469345779,20.21448594042326
"RBFSampler(5071,0.6,0,min-norm,100,0.01)","ChenDSet(400,100,0.1,0,1.0,1,0.7,1)",0.0020652244379850983,0.15807233849032767,0.02857641307076681,0.24624943075387326,0,12.74293517163691,20.135526267523847
"RBFSampler(7295,0.6,0,min-norm,100,0.01)","ChenDSet(400,100,0.1,0,1.0,1,0.7,1)",0.001877063749325592,0.2038707675474292,0.04004852939816913,0.3289860133510986,0,18.3300514601355,19.779939418390555
"RBFSampler(10493,0.6,0,min-norm,100,0.01)","ChenDSet(400,100,0.1,0,1.0,1,0.7,1)",0.0017723292740289829,0.2023517530252583,0.04534058077658841,0.3812262966366897,0,26.366828521505813,20.06781911024071
"RBFSampler(15095,0.6,0,min-norm,100,0.01)","ChenDSet(400,100,0.1,0,1.0,1,0.7,1)",0.0017233460979325407,0.19169469426574665,0.02838700189024872,0.3920319821045952,0,37.927315577615595,19.931095491527017
"RBFSampler(21713,0.6,0,min-norm,100,0.01)","ChenDSet(400,100,0.1,0,1.0,1,0.7,1)",0.0016029705471222227,0.19897181696647856,0.027180695352697876,0.3629972725886103,0,54.55647673935303,19.74660607252897
"RBFSampler(31233,0.6,0,min-norm,100,0.01)","ChenDSet(400,100,0.1,0,1.0,1,0.7,1)",0.0016238462573778156,0.2118226472565631,0.029879082376102706,0.3395566886215543,0,78.47666276619434,19.91833286775263
"RBFSampler(44928,0.6,0,min-norm,100,0.01)","ChenDSet(400,100,0.1,0,1.0,1,0.7,1)",0.0015066293724419312,0.2040686866032188,0.033925487308484936,0.357747068779092,0,112.88460998575887,19.753276110506846
"RBFSampler(64626,0.6,0,min-norm,100,0.01)","ChenDSet(400,100,0.1,0,1.0,1,0.7,1)",0.0015354574062405987,0.21956403504028,0.03448907355846184,0.3770679907148086,0,162.3786578387253,19.949074433835154
"RBFSampler(92962,0.6,0,min-norm,100,0.01)","ChenDSet(400,100,0.1,0,1.0,1,0.7,1)",0.0015663381955094184,0.20639173327118182,0.026550332818834965,0.3303088583447674,0,233.57327916384833,19.938993690023988
"RBFSampler(133721,0.6,0,min-norm,100,0.01)","ChenDSet(400,100,0.1,0,1.0,1,0.7,1)",0.0015445669208512243,0.21241231027139493,0.030262780891158383,0.3713085628749832,0,335.9830501465198,19.88663155677346
"RBFSampler(192351,0.6,0,min-norm,100,0.01)","ChenDSet(400,100,0.1,0,1.0,1,0.7,1)",0.0015329355077163592,0.20870693771907708,0.02752869585650075,0.35817251601097366,0,483.2941952515549,19.907666219349572
"RBFSampler(276687,0.6,0,min-norm,100,0.01)","ChenDSet(400,100,0.1,0,1.0,1,0.7,1)",0.0015268539958590247,0.2109048366777208,0.028250943500395625,0.33624367354036744,0,695.193638673107,19.77702450168414
"RBFSampler(398000,0.6,0,min-norm,100,0.01)","ChenDSet(400,100,0.1,0,1.0,1,0.7,1)",0.0015266196627092667,0.21890387005530743,0.03227220843742411,0.35959000759014464,0,1000.0,19.934883072746103
"RBFSampler(39,0.6,1,min-norm,100,0.01)","ChenDSet(400,100,0.1,0,1.0,1,0.7,1)",1.5269391275961217,1.7709991580883941,3.0732891280737933,3.0190270615028703,1,0.1,11.125598119768256
"RBFSampler(44,0.6,1,min-norm,100,0.01)","ChenDSet(400,100,0.1,0,1.0,1,0.7,1)",0.46927586849604347,0.7292803976146145,2.1988279985267245,2.2919499208246203,1,0.11288378916846889,18.06043921839305
"RBFSampler(50,0.6,1,min-norm,100,0.01)","ChenDSet(400,100,0.1,0,1.0,1,0.7,1)",0.47368148274535404,0.6008099012593315,0.941249658921867,1.4833726126951052,1,0.12742749857031338,20.607531069128356
"RBFSampler(57,0.6,1,min-norm,100,0.01)","ChenDSet(400,100,0.1,0,1.0,1,0.7,1)",0.30001073025051067,0.28367093303102375,1.4720259441585608,1.6674565404228852,1,0.14384498882876628,30.621946303154076
"RBFSampler(64,0.6,1,min-norm,100,0.01)","ChenDSet(400,100,0.1,0,1.0,1,0.7,1)",0.4770057763166453,0.6873975256068521,1.0374465844277692,1.4552587115712707,1,0.16237767391887217,21.82262872859459
"RBFSampler(72,0.6,1,min-norm,100,0.01)","ChenDSet(400,100,0.1,0,1.0,1,0.7,1)",0.12615173004919442,0.2074229745299434,0.8842246784847794,1.2248312025433135,1,0.18329807108324356,27.151258695777443
"RBFSampler(82,0.6,1,min-norm,100,0.01)","ChenDSet(400,100,0.1,0,1.0,1,0.7,1)",0.19370019388319124,0.27716951623351155,0.8910684023541963,0.9272219144880837,1,0.20691380811147897,26.642045409411224
"RBFSampler(92,0.6,1,min-norm,100,0.01)","ChenDSet(400,100,0.1,0,1.0,1,0.7,1)",0.2529931754957413,0.21430027874042126,1.4166187373996462,0.7953792534211875,1,0.23357214690901226,43.22362108780988
"RBFSampler(104,0.6,1,min-norm,100,0.01)","ChenDSet(400,100,0.1,0,1.0,1,0.7,1)",0.09171412681371251,0.18401992591172298,0.72273963616714,0.8276379294022784,1,0.26366508987303583,24.692061998871726
"RBFSampler(118,0.6,1,min-norm,100,0.01)","ChenDSet(400,100,0.1,0,1.0,1,0.7,1)",0.0563991479327711,0.2650137441090572,0.7288419522539579,1.8236009030681375,1,0.29763514416313175,35.43263472920845
"RBFSampler(133,0.6,1,min-norm,100,0.01)","ChenDSet(400,100,0.1,0,1.0,1,0.7,1)",0.0785912787093754,0.26514478821868454,1.439396409919334,0.9551086596376079,1,0.33598182862837817,34.670918838428065
"RBFSampler(150,0.6,1,min-norm,100,0.01)","ChenDSet(400,100,0.1,0,1.0,1,0.7,1)",0.05191145448930974,0.13467316588403538,0.5871059826553736,0.660396011760758,1,0.37926901907322497,33.921968391571205
"RBFSampler(170,0.6,1,min-norm,100,0.01)","ChenDSet(400,100,0.1,0,1.0,1,0.7,1)",0.04436573003865764,0.22756888515948293,0.7946161931905241,0.8004391611674602,1,0.42813323987193935,41.04921085607699
"RBFSampler(192,0.6,1,min-norm,100,0.01)","ChenDSet(400,100,0.1,0,1.0,1,0.7,1)",0.03727430674996968,0.43664839011961387,1.0492894489170388,1.0248706846066853,1,0.4832930238571752,37.36451668559964
"RBFSampler(217,0.6,1,min-norm,100,0.01)","ChenDSet(400,100,0.1,0,1.0,1,0.7,1)",0.016012242239186653,0.10320356756087275,0.3208410036822649,0.16971602836948346,1,0.5455594781168519,30.265903244670717
"RBFSampler(245,0.6,1,min-norm,100,0.01)","ChenDSet(400,100,0.1,0,1.0,1,0.7,1)",0.009726047430068352,0.1563576156670021,0.20592838142457262,0.4723303043737865,1,0.6158482110660264,23.920744915087614
"RBFSampler(276,0.6,1,min-norm,100,0.01)","ChenDSet(400,100,0.1,0,1.0,1,0.7,1)",0.010308761626798241,0.1448542658509403,0.3166274297636697,0.5252614650647427,1,0.6951927961775606,25.82111840892406
"RBFSampler(312,0.6,1,min-norm,100,0.01)","ChenDSet(400,100,0.1,0,1.0,1,0.7,1)",0.007623755749344541,0.10615041396419513,0.23481619054786687,0.37360654838293456,1,0.7847599703514611,23.92475814098836
"RBFSampler(352,0.6,1,min-norm,100,0.01)","ChenDSet(400,100,0.1,0,1.0,1,0.7,1)",0.008719043238884141,0.08695743514743667,0.17348671436700416,0.49002404735059313,1,0.8858667904100825,24.279504223771283
"RBFSampler(398,0.6,1,min-norm,100,0.01)","ChenDSet(400,100,0.1,0,1.0,1,0.7,1)",0.007618107150515941,0.14051196424421364,0.1005313932728522,0.1558830530934993,1,1.0,25.194582427730328
"RBFSampler(398,0.6,1,min-norm,100,0.01)","ChenDSet(400,100,0.1,0,1.0,1,0.7,1)",0.007618107150515941,0.14051196424421364,0.1005313932728522,0.1558830530934993,1,1.0000230261160268,25.194582427730328
"RBFSampler(572,0.6,1,min-norm,100,0.01)","ChenDSet(400,100,0.1,0,1.0,1,0.7,1)",0.004751222866888225,0.13232281523742073,0.0997161084897671,0.31777507165695323,1,1.4384812669240425,22.53284053449416
"RBFSampler(823,0.6,1,min-norm,100,0.01)","ChenDSet(400,100,0.1,0,1.0,1,0.7,1)",0.003727629794866012,0.23006549055713335,0.0806905601860527,0.3508312790803432,1,2.0691807100962873,23.072054946515244
"RBFSampler(1184,0.6,1,min-norm,100,0.01)","ChenDSet(400,100,0.1,0,1.0,1,0.7,1)",0.0030982932908763306,0.133463200049461,0.04641479446648901,0.25807669973371833,1,2.976409154211569,20.86914481636535
"RBFSampler(1704,0.6,1,min-norm,100,0.01)","ChenDSet(400,100,0.1,0,1.0,1,0.7,1)",0.002709550180100916,0.20439364220408812,0.0679628336166038,0.405220205410069,1,4.281410226785935,21.06911549092302
"RBFSampler(2451,0.6,1,min-norm,100,0.01)","ChenDSet(400,100,0.1,0,1.0,1,0.7,1)",0.002427173460956848,0.18173618263746075,0.03943106671016229,0.36809673347968264,1,6.158586598918997,20.65990650609911
"RBFSampler(3525,0.6,1,min-norm,100,0.01)","ChenDSet(400,100,0.1,0,1.0,1,0.7,1)",0.0021037096055222084,0.19998643033190186,0.06247307055115427,0.27483108057231076,1,8.858807469345779,19.95970070385281
"RBFSampler(5071,0.6,1,min-norm,100,0.01)","ChenDSet(400,100,0.1,0,1.0,1,0.7,1)",0.0020733274445431404,0.2087359385542692,0.0732153873072678,0.3197286910352525,1,12.74293517163691,21.00957164779871
"RBFSampler(7295,0.6,1,min-norm,100,0.01)","ChenDSet(400,100,0.1,0,1.0,1,0.7,1)",0.0017789996929935866,0.20535942187676565,0.03238416594420099,0.24858213472074447,1,18.3300514601355,20.58041906718586
"RBFSampler(10493,0.6,1,min-norm,100,0.01)","ChenDSet(400,100,0.1,0,1.0,1,0.7,1)",0.0017334839477254475,0.18219884990141907,0.022263835451344426,0.28561649643219383,1,26.366828521505813,19.77847565451152
"RBFSampler(15095,0.6,1,min-norm,100,0.01)","ChenDSet(400,100,0.1,0,1.0,1,0.7,1)",0.0016628518016066798,0.21174901940923918,0.02989882791683388,0.32667362364272795,1,37.927315577615595,19.953488609358285
"RBFSampler(21713,0.6,1,min-norm,100,0.01)","ChenDSet(400,100,0.1,0,1.0,1,0.7,1)",0.0015771349652869311,0.20941673423240276,0.048824291402778344,0.36862053007475926,1,54.55647673935303,19.795110574587444
"RBFSampler(31233,0.6,1,min-norm,100,0.01)","ChenDSet(400,100,0.1,0,1.0,1,0.7,1)",0.0015977643403908479,0.21001775456928182,0.034275915179777745,0.3683708929125504,1,78.47666276619434,20.00092625825061
"RBFSampler(44928,0.6,1,min-norm,100,0.01)","ChenDSet(400,100,0.1,0,1.0,1,0.7,1)",0.0016121161084505658,0.21608667989627023,0.031397129495903404,0.33768300531852297,1,112.88460998575887,19.948131841897276
"RBFSampler(64626,0.6,1,min-norm,100,0.01)","ChenDSet(400,100,0.1,0,1.0,1,0.7,1)",0.0015125855205588656,0.21317394253622424,0.022036880114962114,0.3535943954654027,1,162.3786578387253,19.912358993182103
"RBFSampler(92962,0.6,1,min-norm,100,0.01)","ChenDSet(400,100,0.1,0,1.0,1,0.7,1)",0.0015658495264215626,0.20062383835836345,0.0291123006544139,0.3581071775022972,1,233.57327916384833,19.789280760683738
"RBFSampler(133721,0.6,1,min-norm,100,0.01)","ChenDSet(400,100,0.1,0,1.0,1,0.7,1)",0.001560742192743769,0.22414998444814502,0.031667871291235834,0.36073537042024384,1,335.9830501465198,20.00549000244068
"RBFSampler(192351,0.6,1,min-norm,100,0.01)","ChenDSet(400,100,0.1,0,1.0,1,0.7,1)",0.0015704006257003073,0.21443229717766726,0.030097965386188516,0.3460347326450386,1,483.2941952515549,19.973472084549048
"RBFSampler(276687,0.6,1,min-norm,100,0.01)","ChenDSet(400,100,0.1,0,1.0,1,0.7,1)",0.001550309155134729,0.21132375601776435,0.02833280076584892,0.35099855769171107,1,695.193638673107,19.915651743052003
"RBFSampler(398000,0.6,1,min-norm,100,0.01)","ChenDSet(400,100,0.1,0,1.0,1,0.7,1)",0.0015320012900453554,0.2106790297028283,0.02980234809574811,0.35646409425577413,1,1000.0,19.919700367941005
"RBFSampler(39,0.6,2,min-norm,100,0.01)","ChenDSet(400,100,0.1,0,1.0,1,0.7,1)",1.2108645157634963,1.1603664061556735,1.8732473411780106,1.7289788028099369,2,0.1,10.937290495375912
"RBFSampler(44,0.6,2,min-norm,100,0.01)","ChenDSet(400,100,0.1,0,1.0,1,0.7,1)",0.5677074200998027,0.5503897057549209,1.1690172344440064,1.0872017531364966,2,0.11288378916846889,13.299097244701155
"RBFSampler(50,0.6,2,min-norm,100,0.01)","ChenDSet(400,100,0.1,0,1.0,1,0.7,1)",0.34162053914540214,0.43439016381006057,1.3669461179657234,1.3123646645138196,2,0.12742749857031338,22.072410787111856
"RBFSampler(57,0.6,2,min-norm,100,0.01)","ChenDSet(400,100,0.1,0,1.0,1,0.7,1)",1.237984906495517,2.0235217926672613,2.865856674935498,4.939821375365929,2,0.14384498882876628,38.77645496998113
"RBFSampler(64,0.6,2,min-norm,100,0.01)","ChenDSet(400,100,0.1,0,1.0,1,0.7,1)",0.9666654371806084,2.375549494574323,3.859439973636838,3.914311755653261,2,0.16237767391887217,19.744033351326223
"RBFSampler(72,0.6,2,min-norm,100,0.01)","ChenDSet(400,100,0.1,0,1.0,1,0.7,1)",0.605633881650571,0.712439781390204,2.4494466906247623,2.4012963082424394,2,0.18329807108324356,24.469134282574565
"RBFSampler(82,0.6,2,min-norm,100,0.01)","ChenDSet(400,100,0.1,0,1.0,1,0.7,1)",0.5564265919059265,1.2067862578776676,1.7169272841496663,1.4604637398123925,2,0.20691380811147897,30.580633996688245
"RBFSampler(92,0.6,2,min-norm,100,0.01)","ChenDSet(400,100,0.1,0,1.0,1,0.7,1)",0.1956882623415074,0.450573192396637,1.1379311015764124,1.12567575977623,2,0.23357214690901226,35.30530785945985
"RBFSampler(104,0.6,2,min-norm,100,0.01)","ChenDSet(400,100,0.1,0,1.0,1,0.7,1)",0.15800986459045957,0.36088989478857636,1.0244488066660724,1.0949370978148945,2,0.26366508987303583,35.37354543210991
"RBFSampler(118,0.6,2,min-norm,100,0.01)","ChenDSet(400,100,0.1,0,1.0,1,0.7,1)",0.03207528619204597,0.19658919384886897,0.5276362836039067,0.39354394801262005,2,0.29763514416313175,26.921223614966575
"RBFSampler(133,0.6,2,min-norm,100,0.01)","ChenDSet(400,100,0.1,0,1.0,1,0.7,1)",0.11123602430330023,0.42602327927267325,1.0452000047543935,0.764662429462488,2,0.33598182862837817,37.69448952817109
"RBFSampler(150,0.6,2,min-norm,100,0.01)","ChenDSet(400,100,0.1,0,1.0,1,0.7,1)",0.07978808179717595,0.3312711042665024,1.2711078872106814,1.5667705181489178,2,0.37926901907322497,48.43189514685111
"RBFSampler(170,0.6,2,min-norm,100,0.01)","ChenDSet(400,100,0.1,0,1.0,1,0.7,1)",0.029867448955739246,0.16949961832928423,0.3236386597769477,0.8493960929482203,2,0.42813323987193935,34.840980946860725
"RBFSampler(192,0.6,2,min-norm,100,0.01)","ChenDSet(400,100,0.1,0,1.0,1,0.7,1)",0.026258329788500873,0.2138533157657067,0.2132490965936338,0.4817413680113704,2,0.4832930238571752,33.9089362565044
"RBFSampler(217,0.6,2,min-norm,100,0.01)","ChenDSet(400,100,0.1,0,1.0,1,0.7,1)",0.012193891143279813,0.17021051484290092,0.18560552056358168,0.23790974823171365,2,0.5455594781168519,28.644078232405597
"RBFSampler(245,0.6,2,min-norm,100,0.01)","ChenDSet(400,100,0.1,0,1.0,1,0.7,1)",0.01311549729833496,0.15087098764265575,0.2765782056530792,0.48482102446441266,2,0.6158482110660264,28.568571827967187
"RBFSampler(276,0.6,2,min-norm,100,0.01)","ChenDSet(400,100,0.1,0,1.0,1,0.7,1)",0.008443594267426309,0.0523820883606331,0.1448902586677674,0.3702658579128617,2,0.6951927961775606,25.48624824259789
"RBFSampler(312,0.6,2,min-norm,100,0.01)","ChenDSet(400,100,0.1,0,1.0,1,0.7,1)",0.011452098026657292,0.08322010064035451,0.38368524434340856,0.42904602161166794,2,0.7847599703514611,29.873052873793682
"RBFSampler(352,0.6,2,min-norm,100,0.01)","ChenDSet(400,100,0.1,0,1.0,1,0.7,1)",0.007247754782757701,0.14160076679799,0.1293195447979324,0.16909453857721493,2,0.8858667904100825,24.379503690662858
"RBFSampler(398,0.6,2,min-norm,100,0.01)","ChenDSet(400,100,0.1,0,1.0,1,0.7,1)",0.006672781690660184,0.1164621890418697,0.2992472495221514,0.19453505784734454,2,1.0,24.577136724646397
"RBFSampler(398,0.6,2,min-norm,100,0.01)","ChenDSet(400,100,0.1,0,1.0,1,0.7,1)",0.006672781690660184,0.1164621890418697,0.2992472495221514,0.19453505784734454,2,1.0000230261160268,24.577136724646397
"RBFSampler(572,0.6,2,min-norm,100,0.01)","ChenDSet(400,100,0.1,0,1.0,1,0.7,1)",0.00483932406773983,0.10150653219333464,0.1033182875755605,0.24134171602820648,2,1.4384812669240425,22.89199243742627
"RBFSampler(823,0.6,2,min-norm,100,0.01)","ChenDSet(400,100,0.1,0,1.0,1,0.7,1)",0.0039561424246630835,0.16599992833806557,0.04727157229734603,0.31497130889056774,2,2.0691807100962873,22.995429304549077
"RBFSampler(1184,0.6,2,min-norm,100,0.01)","ChenDSet(400,100,0.1,0,1.0,1,0.7,1)",0.0032471780348394008,0.2002422266338668,0.11752576349099449,0.2579229162472112,2,2.976409154211569,21.10953120183437
"RBFSampler(1704,0.6,2,min-norm,100,0.01)","ChenDSet(400,100,0.1,0,1.0,1,0.7,1)",0.002748451115981048,0.1818134655300282,0.059186242261444616,0.27581652645443017,2,4.281410226785935,20.379799305449687
"RBFSampler(2451,0.6,2,min-norm,100,0.01)","ChenDSet(400,100,0.1,0,1.0,1,0.7,1)",0.0022614240503676932,0.17011342113738032,0.037256912266656145,0.31819240814024474,2,6.158586598918997,20.282317721497368
"RBFSampler(3525,0.6,2,min-norm,100,0.01)","ChenDSet(400,100,0.1,0,1.0,1,0.7,1)",0.0020656912920356558,0.17832871306393672,0.03861707086911545,0.41608083410162233,2,8.858807469345779,19.94471085992582
"RBFSampler(5071,0.6,2,min-norm,100,0.01)","ChenDSet(400,100,0.1,0,1.0,1,0.7,1)",0.0019089469924846933,0.20801145945900987,0.0538235137028581,0.30773703766125965,2,12.74293517163691,20.273424244112977
"RBFSampler(7295,0.6,2,min-norm,100,0.01)","ChenDSet(400,100,0.1,0,1.0,1,0.7,1)",0.0016744911138326824,0.2001775606811061,0.061882000075877526,0.34242146801298834,2,18.3300514601355,19.983530324561734
"RBFSampler(10493,0.6,2,min-norm,100,0.01)","ChenDSet(400,100,0.1,0,1.0,1,0.7,1)",0.0018172357087441996,0.19766967511377714,0.052547535144119396,0.30522738303140673,2,26.366828521505813,20.18146032330888
"RBFSampler(15095,0.6,2,min-norm,100,0.01)","ChenDSet(400,100,0.1,0,1.0,1,0.7,1)",0.0016696063004344012,0.18632400593814194,0.03648149127038051,0.3545914775887772,2,37.927315577615595,19.801469660405328
"RBFSampler(21713,0.6,2,min-norm,100,0.01)","ChenDSet(400,100,0.1,0,1.0,1,0.7,1)",0.0016836238631727778,0.2151246818966503,0.030177258920680364,0.31757455069730295,2,54.55647673935303,20.077844008279254
"RBFSampler(31233,0.6,2,min-norm,100,0.01)","ChenDSet(400,100,0.1,0,1.0,1,0.7,1)",0.0016307451105256566,0.21153303491123032,0.0366281410040068,0.3463429703361489,2,78.47666276619434,19.95097369022304
"RBFSampler(44928,0.6,2,min-norm,100,0.01)","ChenDSet(400,100,0.1,0,1.0,1,0.7,1)",0.00158225581811708,0.2154152143752859,0.029896025296348907,0.33061835210787927,2,112.88460998575887,19.88197245945626
"RBFSampler(64626,0.6,2,min-norm,100,0.01)","ChenDSet(400,100,0.1,0,1.0,1,0.7,1)",0.0015057897003271606,0.20658559237652308,0.02720458712769799,0.3491306790817932,2,162.3786578387253,19.73274219403481
"RBFSampler(92962,0.6,2,min-norm,100,0.01)","ChenDSet(400,100,0.1,0,1.0,1,0.7,1)",0.0015113612806104918,0.21010395913260912,0.03284251746819173,0.35422763900709603,2,233.57327916384833,19.869183634273437
"RBFSampler(133721,0.6,2,min-norm,100,0.01)","ChenDSet(400,100,0.1,0,1.0,1,0.7,1)",0.0015484419884999288,0.2037347015976679,0.03047745541043834,0.34632494069293496,2,335.9830501465198,19.905373722526626
"RBFSampler(192351,0.6,2,min-norm,100,0.01)","ChenDSet(400,100,0.1,0,1.0,1,0.7,1)",0.0015458410819840188,0.20710353455276725,0.029575523280397316,0.356913123218093,2,483.2941952515549,19.859579050375533
"RBFSampler(276687,0.6,2,min-norm,100,0.01)","ChenDSet(400,100,0.1,0,1.0,1,0.7,1)",0.0015141941870824907,0.20882180065892664,0.026445770321131698,0.34915043564105924,2,695.193638673107,19.764939426397966
"RBFSampler(398000,0.6,2,min-norm,100,0.01)","ChenDSet(400,100,0.1,0,1.0,1,0.7,1)",0.0015265500882228906,0.20871969830741957,0.029410245604940582,0.3551516927804076,2,1000.0,19.83643818757964
"RBFSampler(39,0.6,3,min-norm,100,0.01)","ChenDSet(400,100,0.1,0,1.0,1,0.7,1)",0.8477271364425435,0.8847794393502783,2.0216465809947652,2.296981732786853,3,0.1,12.621771435497516
"RBFSampler(44,0.6,3,min-norm,100,0.01)","ChenDSet(400,100,0.1,0,1.0,1,0.7,1)",0.5706236904300482,0.7868671355568723,1.5488206491076488,1.294366710011588,3,0.11288378916846889,18.76803109709248
"RBFSampler(50,0.6,3,min-norm,100,0.01)","ChenDSet(400,100,0.1,0,1.0,1,0.7,1)",1.574859971649047,1.952861065399577,6.393630636778111,2.7551133074443386,3,0.12742749857031338,17.893933128149797
"RBFSampler(57,0.6,3,min-norm,100,0.01)","ChenDSet(400,100,0.1,0,1.0,1,0.7,1)",1.160649904121312,1.515711809546363,4.1348335470094675,3.1649158924322673,3,0.14384498882876628,27.029524527655504
"RBFSampler(64,0.6,3,min-norm,100,0.01)","ChenDSet(400,100,0.1,0,1.0,1,0.7,1)",0.22688932869752496,0.3222636992847245,1.1333474232521192,0.8644541130851445,3,0.16237767391887217,23.204575682620384
"RBFSampler(72,0.6,3,min-norm,100,0.01)","ChenDSet(400,100,0.1,0,1.0,1,0.7,1)",0.2792929727879752,0.29588230572085794,1.5105677215517725,0.9419923567976172,3,0.18329807108324356,25.86747084266671
"RBFSampler(82,0.6,3,min-norm,100,0.01)","ChenDSet(400,100,0.1,0,1.0,1,0.7,1)",0.6346419555644495,1.0314847850567652,2.4762672875676643,4.824519590668654,3,0.20691380811147897,38.00040278500109
"RBFSampler(92,0.6,3,min-norm,100,0.01)","ChenDSet(400,100,0.1,0,1.0,1,0.7,1)",0.4087985876050072,1.16425913997177,3.654751976031025,7.597389006040075,3,0.23357214690901226,40.063317472814425
"RBFSampler(104,0.6,3,min-norm,100,0.01)","ChenDSet(400,100,0.1,0,1.0,1,0.7,1)",0.21786282484022101,0.7391858812010724,1.7779199217895516,2.992836344818418,3,0.26366508987303583,32.87418821875819
"RBFSampler(118,0.6,3,min-norm,100,0.01)","ChenDSet(400,100,0.1,0,1.0,1,0.7,1)",0.06201488738041973,0.25934574445162933,0.9320835046408802,0.650623663318547,3,0.29763514416313175,32.22536624688259
"RBFSampler(133,0.6,3,min-norm,100,0.01)","ChenDSet(400,100,0.1,0,1.0,1,0.7,1)",0.0403777755395814,0.15775847171586874,0.3889493587926204,0.6500363131567674,3,0.33598182862837817,33.00944802408246
"RBFSampler(150,0.6,3,min-norm,100,0.01)","ChenDSet(400,100,0.1,0,1.0,1,0.7,1)",0.06468447032301584,0.4851872304978332,1.3217691241422265,0.6323341888106495,3,0.37926901907322497,43.12959371317147
"RBFSampler(170,0.6,3,min-norm,100,0.01)","ChenDSet(400,100,0.1,0,1.0,1,0.7,1)",0.03270431897216789,0.2299878278853724,0.5895932838195054,0.7531055989581745,3,0.42813323987193935,36.87863712987148
"RBFSampler(192,0.6,3,min-norm,100,0.01)","ChenDSet(400,100,0.1,0,1.0,1,0.7,1)",0.021312596300862505,0.16141910185907576,0.3383340044450761,0.5307892641352421,3,0.4832930238571752,31.311750217875932
"RBFSampler(217,0.6,3,min-norm,100,0.01)","ChenDSet(400,100,0.1,0,1.0,1,0.7,1)",0.02318915786929204,0.1606464525368816,0.6855716402727654,0.5885155844701537,3,0.5455594781168519,36.73196875786498
"RBFSampler(245,0.6,3,min-norm,100,0.01)","ChenDSet(400,100,0.1,0,1.0,1,0.7,1)",0.019156273348702058,0.29166615033810395,0.4127756038398745,0.5705308158410395,3,0.6158482110660264,30.235197912001208
"RBFSampler(276,0.6,3,min-norm,100,0.01)","ChenDSet(400,100,0.1,0,1.0,1,0.7,1)",0.009583477872503497,0.1159194189323157,0.1324043375912775,0.32501377835129336,3,0.6951927961775606,27.493247924886813
"RBFSampler(312,0.6,3,min-norm,100,0.01)","ChenDSet(400,100,0.1,0,1.0,1,0.7,1)",0.009827574853915983,0.09648767800506429,0.10835592598749152,0.4487829367584668,3,0.7847599703514611,26.79347945356546
"RBFSampler(352,0.6,3,min-norm,100,0.01)","ChenDSet(400,100,0.1,0,1.0,1,0.7,1)",0.007456250628110882,0.11318765031755805,0.09779057892380554,0.2509825494983373,3,0.8858667904100825,26.136368743238624
"RBFSampler(398,0.6,3,min-norm,100,0.01)","ChenDSet(400,100,0.1,0,1.0,1,0.7,1)",0.006037123997445373,0.14560027578911083,0.07961415657088194,0.20231734683799946,3,1.0,24.182005763522955
"RBFSampler(398,0.6,3,min-norm,100,0.01)","ChenDSet(400,100,0.1,0,1.0,1,0.7,1)",0.006037123997445373,0.14560027578911083,0.07961415657088194,0.20231734683799946,3,1.0000230261160268,24.182005763522955
"RBFSampler(572,0.6,3,min-norm,100,0.01)","ChenDSet(400,100,0.1,0,1.0,1,0.7,1)",0.003932642740933187,0.11727792848772137,0.04873810567574768,0.44842157212518563,3,1.4384812669240425,23.042938605979156
"RBFSampler(823,0.6,3,min-norm,100,0.01)","ChenDSet(400,100,0.1,0,1.0,1,0.7,1)",0.00366838215344095,0.12112570750730553,0.032426402008363595,0.231042664374696,3,2.0691807100962873,20.12701419910187
"RBFSampler(1184,0.6,3,min-norm,100,0.01)","ChenDSet(400,100,0.1,0,1.0,1,0.7,1)",0.0030949917947365618,0.20781880646712286,0.09206970939230534,0.43611898860777265,3,2.976409154211569,22.201004591329955
"RBFSampler(1704,0.6,3,min-norm,100,0.01)","ChenDSet(400,100,0.1,0,1.0,1,0.7,1)",0.002788518774785764,0.17296767883718855,0.12192097555345291,0.20930014366747526,3,4.281410226785935,20.777677146019933
"RBFSampler(2451,0.6,3,min-norm,100,0.01)","ChenDSet(400,100,0.1,0,1.0,1,0.7,1)",0.0024097736217301414,0.20072791387419267,0.06834468274448231,0.3167886272928953,3,6.158586598918997,20.447395752670484
"RBFSampler(3525,0.6,3,min-norm,100,0.01)","ChenDSet(400,100,0.1,0,1.0,1,0.7,1)",0.0022889426190802853,0.18717781721829724,0.05771088479165402,0.2910472155721298,3,8.858807469345779,20.41765363924335
"RBFSampler(5071,0.6,3,min-norm,100,0.01)","ChenDSet(400,100,0.1,0,1.0,1,0.7,1)",0.0019796258442731007,0.15517621720648012,0.027414073046930464,0.31507254197813633,3,12.74293517163691,19.43718860921421
"RBFSampler(7295,0.6,3,min-norm,100,0.01)","ChenDSet(400,100,0.1,0,1.0,1,0.7,1)",0.0017941053842751046,0.21011509972515982,0.03240376701976135,0.34630200728697885,3,18.3300514601355,19.893318794880066
"RBFSampler(10493,0.6,3,min-norm,100,0.01)","ChenDSet(400,100,0.1,0,1.0,1,0.7,1)",0.0017906337227597126,0.22306936628771495,0.03676417582677001,0.35791649072660764,3,26.366828521505813,20.39321585974988
"RBFSampler(15095,0.6,3,min-norm,100,0.01)","ChenDSet(400,100,0.1,0,1.0,1,0.7,1)",0.0016608845324056754,0.21067625793756262,0.03789372070261531,0.3498348070203334,3,37.927315577615595,19.968711749055192
"RBFSampler(21713,0.6,3,min-norm,100,0.01)","ChenDSet(400,100,0.1,0,1.0,1,0.7,1)",0.0015971810423427105,0.20301774686701424,0.026774133308735765,0.34114334517616907,3,54.55647673935303,20.03760510252338
"RBFSampler(31233,0.6,3,min-norm,100,0.01)","ChenDSet(400,100,0.1,0,1.0,1,0.7,1)",0.001618017368000273,0.21506795709689788,0.0388958184517354,0.36323146360995184,3,78.47666276619434,19.82498657596144
"RBFSampler(44928,0.6,3,min-norm,100,0.01)","ChenDSet(400,100,0.1,0,1.0,1,0.7,1)",0.0015620213038542586,0.20498284471903164,0.03000103560751086,0.3742221137691128,3,112.88460998575887,19.72945932405589
"RBFSampler(64626,0.6,3,min-norm,100,0.01)","ChenDSet(400,100,0.1,0,1.0,1,0.7,1)",0.0015778400689750787,0.20623582788380299,0.027737176553639577,0.3361117744866521,3,162.3786578387253,19.913244759005675
"RBFSampler(92962,0.6,3,min-norm,100,0.01)","ChenDSet(400,100,0.1,0,1.0,1,0.7,1)",0.0015386753162156437,0.2119864225231471,0.03797360427018611,0.37366663230811686,3,233.57327916384833,19.816564449929373
"RBFSampler(133721,0.6,3,min-norm,100,0.01)","ChenDSet(400,100,0.1,0,1.0,1,0.7,1)",0.0015864275365744993,0.2096528369462006,0.030685676283644794,0.35545595904085825,3,335.9830501465198,20.006425246231796
"RBFSampler(192351,0.6,3,min-norm,100,0.01)","ChenDSet(400,100,0.1,0,1.0,1,0.7,1)",0.0015635309116914643,0.20996098058087856,0.03515441216725221,0.35116686741347836,3,483.2941952515549,19.84783829667151
"RBFSampler(276687,0.6,3,min-norm,100,0.01)","ChenDSet(400,100,0.1,0,1.0,1,0.7,1)",0.0015211442245466058,0.20304411638810282,0.02587235812411063,0.34299152302284863,3,695.193638673107,19.820444387013776
"RBFSampler(398000,0.6,3,min-norm,100,0.01)","ChenDSet(400,100,0.1,0,1.0,1,0.7,1)",0.0015188402418587492,0.21129912793709882,0.029921540068367312,0.3593973373896917,3,1000.0,19.8270045840741
"RBFSampler(39,0.6,4,min-norm,100,0.01)","ChenDSet(400,100,0.1,0,1.0,1,0.7,1)",2.048731587531209,2.048743748118432,4.508761304694136,4.226392426007997,4,0.1,12.516160860745828
"RBFSampler(44,0.6,4,min-norm,100,0.01)","ChenDSet(400,100,0.1,0,1.0,1,0.7,1)",0.6056702964161732,0.66925099183512,2.238449497261994,2.285557189146425,4,0.11288378916846889,21.275150612906515
"RBFSampler(50,0.6,4,min-norm,100,0.01)","ChenDSet(400,100,0.1,0,1.0,1,0.7,1)",0.415222210789588,0.498596997638144,1.014650930163293,1.094990652429789,4,0.12742749857031338,21.26074940327789
"RBFSampler(57,0.6,4,min-norm,100,0.01)","ChenDSet(400,100,0.1,0,1.0,1,0.7,1)",0.5622046219046544,0.645496849486749,3.1053214967142506,2.0528569362307003,4,0.14384498882876628,30.715015605770887
"RBFSampler(64,0.6,4,min-norm,100,0.01)","ChenDSet(400,100,0.1,0,1.0,1,0.7,1)",0.846895960829806,0.8945768223273528,3.590774992105303,2.0787109991220167,4,0.16237767391887217,25.474425264456386
"RBFSampler(72,0.6,4,min-norm,100,0.01)","ChenDSet(400,100,0.1,0,1.0,1,0.7,1)",0.2814460993525524,0.5718672956200279,2.0086188425927083,2.002405821419832,4,0.18329807108324356,24.08577746303009
"RBFSampler(82,0.6,4,min-norm,100,0.01)","ChenDSet(400,100,0.1,0,1.0,1,0.7,1)",0.17977804421457172,0.363317558263154,1.56892817567269,1.0492857087763494,4,0.20691380811147897,30.542037022080034
"RBFSampler(92,0.6,4,min-norm,100,0.01)","ChenDSet(400,100,0.1,0,1.0,1,0.7,1)",0.15161858045788676,0.2665756542609613,0.7681916030988972,1.1127423811598134,4,0.23357214690901226,32.19309946383073
"RBFSampler(104,0.6,4,min-norm,100,0.01)","ChenDSet(400,100,0.1,0,1.0,1,0.7,1)",0.1728614458448814,0.303662604654021,1.3971075224982155,1.4173400011137092,4,0.26366508987303583,39.08967870943085
"RBFSampler(118,0.6,4,min-norm,100,0.01)","ChenDSet(400,100,0.1,0,1.0,1,0.7,1)",0.09499183290167752,0.5745702317758279,1.5833173067576896,1.596611942804641,4,0.29763514416313175,29.658146257311635
"RBFSampler(133,0.6,4,min-norm,100,0.01)","ChenDSet(400,100,0.1,0,1.0,1,0.7,1)",0.028585762869130005,0.11991116174554091,0.2665933501726351,0.5345232955058673,4,0.33598182862837817,29.951833201884526
"RBFSampler(150,0.6,4,min-norm,100,0.01)","ChenDSet(400,100,0.1,0,1.0,1,0.7,1)",0.032196004083074485,0.11655128145643852,0.5799044848285887,0.39573296955042286,4,0.37926901907322497,33.030731060030114
"RBFSampler(170,0.6,4,min-norm,100,0.01)","ChenDSet(400,100,0.1,0,1.0,1,0.7,1)",0.022927299778835692,0.10417888434495753,0.2812922740676999,0.3093122304164772,4,0.42813323987193935,26.20325393122626
"RBFSampler(192,0.6,4,min-norm,100,0.01)","ChenDSet(400,100,0.1,0,1.0,1,0.7,1)",0.014827766959319073,0.07872867676488593,0.19689155734685523,0.5293554998976978,4,0.4832930238571752,26.424697461343317
"RBFSampler(217,0.6,4,min-norm,100,0.01)","ChenDSet(400,100,0.1,0,1.0,1,0.7,1)",0.02234759675140831,0.1192540886507252,0.34597670809055503,0.4460530801959259,4,0.5455594781168519,32.78757709097621
"RBFSampler(245,0.6,4,min-norm,100,0.01)","ChenDSet(400,100,0.1,0,1.0,1,0.7,1)",0.010195401047544128,0.09977461776191197,0.12614753467085707,0.25408501152950924,4,0.6158482110660264,26.069174611786288
"RBFSampler(276,0.6,4,min-norm,100,0.01)","ChenDSet(400,100,0.1,0,1.0,1,0.7,1)",0.010314161035072012,0.12725899493089593,0.15045369205260517,0.24767820607352994,4,0.6951927961775606,26.534911605150878
"RBFSampler(312,0.6,4,min-norm,100,0.01)","ChenDSet(400,100,0.1,0,1.0,1,0.7,1)",0.009504223840374736,0.07326958621878285,0.1427446269483141,0.11106585791893744,4,0.7847599703514611,25.010455481369434
"RBFSampler(352,0.6,4,min-norm,100,0.01)","ChenDSet(400,100,0.1,0,1.0,1,0.7,1)",0.006667224858422444,0.0713050664777713,0.13184763632995786,0.1034490486914703,4,0.8858667904100825,21.67239739116484
"RBFSampler(398,0.6,4,min-norm,100,0.01)","ChenDSet(400,100,0.1,0,1.0,1,0.7,1)",0.007420448339018189,0.14391222743788648,0.1663723387815812,0.35418941031731466,4,1.0,24.394887077857266
"RBFSampler(398,0.6,4,min-norm,100,0.01)","ChenDSet(400,100,0.1,0,1.0,1,0.7,1)",0.007420448339018189,0.14391222743788648,0.1663723387815812,0.35418941031731466,4,1.0000230261160268,24.394887077857266
"RBFSampler(572,0.6,4,min-norm,100,0.01)","ChenDSet(400,100,0.1,0,1.0,1,0.7,1)",0.004771100757717422,0.1272864975496495,0.18759413135313247,0.33356228983756697,4,1.4384812669240425,22.74095808571534
"RBFSampler(823,0.6,4,min-norm,100,0.01)","ChenDSet(400,100,0.1,0,1.0,1,0.7,1)",0.00402086792899415,0.10662811624126653,0.04243963420287848,0.25407149633974085,4,2.0691807100962873,22.400927755993504
"RBFSampler(1184,0.6,4,min-norm,100,0.01)","ChenDSet(400,100,0.1,0,1.0,1,0.7,1)",0.0030187734373346145,0.15125408317159741,0.03384980464551472,0.26264708768762296,4,2.976409154211569,20.989402360155783
"RBFSampler(1704,0.6,4,min-norm,100,0.01)","ChenDSet(400,100,0.1,0,1.0,1,0.7,1)",0.0024798886251645737,0.1246748852976031,0.020527738054052523,0.29445370532667076,4,4.281410226785935,19.318682352237015
"RBFSampler(2451,0.6,4,min-norm,100,0.01)","ChenDSet(400,100,0.1,0,1.0,1,0.7,1)",0.0025390163532125116,0.14617563633851807,0.029025216721955384,0.32996801803167536,4,6.158586598918997,20.48401207051653
"RBFSampler(3525,0.6,4,min-norm,100,0.01)","ChenDSet(400,100,0.1,0,1.0,1,0.7,1)",0.0022748342742465277,0.17684319915558938,0.0666450503452689,0.26297872371204445,4,8.858807469345779,20.3031830034564
"RBFSampler(5071,0.6,4,min-norm,100,0.01)","ChenDSet(400,100,0.1,0,1.0,1,0.7,1)",0.002044858759684643,0.17557704093504742,0.03609504186746419,0.3282303001270747,4,12.74293517163691,20.272497339212727
"RBFSampler(7295,0.6,4,min-norm,100,0.01)","ChenDSet(400,100,0.1,0,1.0,1,0.7,1)",0.0018790994265663634,0.2101124300805563,0.03398057631371781,0.29129313175135707,4,18.3300514601355,20.046937749859786
"RBFSampler(10493,0.6,4,min-norm,100,0.01)","ChenDSet(400,100,0.1,0,1.0,1,0.7,1)",0.0016544628917433916,0.19492325297118712,0.03178891551365102,0.3215715796230676,4,26.366828521505813,20.214029586582676
"RBFSampler(15095,0.6,4,min-norm,100,0.01)","ChenDSet(400,100,0.1,0,1.0,1,0.7,1)",0.0017220913070282477,0.1937893093649619,0.03201495621203051,0.3268802874999011,4,37.927315577615595,19.983594332504854
"RBFSampler(21713,0.6,4,min-norm,100,0.01)","ChenDSet(400,100,0.1,0,1.0,1,0.7,1)",0.0015927361715442584,0.20604917356654037,0.03419804103726973,0.3459721679291918,4,54.55647673935303,19.885864256705116
"RBFSampler(31233,0.6,4,min-norm,100,0.01)","ChenDSet(400,100,0.1,0,1.0,1,0.7,1)",0.0016825832474333209,0.20357933252418042,0.029464499628996905,0.36170997312903497,4,78.47666276619434,19.803304883464804
"RBFSampler(44928,0.6,4,min-norm,100,0.01)","ChenDSet(400,100,0.1,0,1.0,1,0.7,1)",0.0015770549614757684,0.22222748208604667,0.02992872734025083,0.36433138201405957,4,112.88460998575887,20.078365649674975
"RBFSampler(64626,0.6,4,min-norm,100,0.01)","ChenDSet(400,100,0.1,0,1.0,1,0.7,1)",0.001565860279953689,0.2089201119263682,0.027757487672012904,0.35587559467404145,4,162.3786578387253,19.90300216465576
"RBFSampler(92962,0.6,4,min-norm,100,0.01)","ChenDSet(400,100,0.1,0,1.0,1,0.7,1)",0.001521519798808101,0.20778610883660453,0.03543044042909386,0.3413612266021202,4,233.57327916384833,19.924268514758023
"RBFSampler(133721,0.6,4,min-norm,100,0.01)","ChenDSet(400,100,0.1,0,1.0,1,0.7,1)",0.0015249272747717214,0.2101371231734357,0.03236391275622535,0.3534860872942807,4,335.9830501465198,19.904261525070826
"RBFSampler(192351,0.6,4,min-norm,100,0.01)","ChenDSet(400,100,0.1,0,1.0,1,0.7,1)",0.0015342823398255708,0.21387217509406342,0.032013329902740466,0.34703150173526165,4,483.2941952515549,19.99255850128977
"RBFSampler(276687,0.6,4,min-norm,100,0.01)","ChenDSet(400,100,0.1,0,1.0,1,0.7,1)",0.001545104863545781,0.21290102709991635,0.030911706862614186,0.35041442569668296,4,695.193638673107,19.888386657862103
"RBFSampler(398000,0.6,4,min-norm,100,0.01)","ChenDSet(400,100,0.1,0,1.0,1,0.7,1)",0.0015059956896496091,0.20998045617019997,0.0337541742181737,0.3617597205471896,4,1000.0,19.8350925973894
